id,name,model_id:id,group_id:id,perm_read,perm_write,perm_create,perm_unlink
access_easyocr_document_line_user,easyocr.document.line.user,model_easyocr_document_line,group_easyocr_user,1,1,1,0
access_easyocr_document_line_manager,easyocr.document.line.manager,model_easyocr_document_line,group_easyocr_manager,1,1,1,1
access_easyocr_document_user,easyocr.document.user,model_easyocr_document,group_easyocr_user,1,1,1,0
access_easyocr_document_manager,easyocr.document.manager,model_easyocr_document,group_easyocr_manager,1,1,1,1
access_easyocr_inbox_item_user,easyocr.inbox.item.user,model_easyocr_inbox_item,group_easyocr_user,1,1,1,0
access_easyocr_inbox_item_manager,easyocr.inbox.item.manager,model_easyocr_inbox_item,group_easyocr_manager,1,1,1,1
access_easyocr_template_user,easyocr.template.user,model_easyocr_template,group_easyocr_user,1,1,1,0
access_easyocr_template_manager,easyocr.template.manager,model_easyocr_template,group_easyocr_manager,1,1,1,1
access_easyocr_template_box_user,easyocr.template.box.user,model_easyocr_template_box,group_easyocr_user,1,1,1,0
access_easyocr_template_box_manager,easyocr.template.box.manager,model_easyocr_template_box,group_easyocr_manager,1,1,1,1
access_easyocr_webhook_log_user,easyocr.webhook.log.user,model_easyocr_webhook_log,group_easyocr_user,1,0,0,0
access_easyocr_webhook_log_manager,easyocr.webhook.log.manager,model_easyocr_webhook_log,group_easyocr_manager,1,0,0,1
access_easyocr_batch_user,easyocr.batch.user,model_easyocr_batch,group_easyocr_user,1,1,1,0
access_easyocr_batch_manager,easyocr.batch.manager,model_easyocr_batch,group_easyocr_manager,1,1,1,1
access_easyocr_reprocess_wizard_user,easyocr.reprocess.wizard.user,model_easyocr_reprocess_wizard,group_easyocr_user,1,1,1,1
access_easyocr_reading_result_user,easyocr.reading.result.user,model_easyocr_reading_result,group_easyocr_user,1,1,1,1
